Batch_No,[flask_filtered][flask]125mL_Final VCD,[flask_filtered][flask]125mL_Final Viability,[flask_filtered][flask]125mL_Initial VCD,[flask_filtered][flask]CellAge_weighted,[media_prep][media][Media_A] Glucose_Conc,[media_prep][media][Media_A] Osmo,[media_prep][media][Media_A] pH-Final,[media_prep][media][Media B] Glucose_Conc,[media_prep][media][Media B] Osmo,[media_prep][media][Media B] pH-Final,[media_prep][media][Media C] Osmo,[prd_final]VCD_BI,[prd_final]Via_BI,[prd_final]pH_BI,[prd_final]pCO2_BI,[prd_final]Gln_BI,[prd_final]NH4+_BI,[prd_final]Osm_0,[prd_final]Reactor Fill Level_BI,[prd_final]Age_BI,[prd_final]Normalized Titer by 1000_BI,[Production]DO_Stab_Avg,[Production]DO_Stab_Std,[Production]DO_StabTime_hr,[Production]O2_supply_slope,[Production]O2_supply_max,[Production]O2_supply_sum,[Production]Temp_First,[Production]Temp_Drop_Time_hr,[Production]Top_Air_Flow_mean,[Production]Bottom_Air_Flow_mean,[harvest]Centrifuge_Bowl_Speed_mean,[harvest]Centrifuge_FeedFlowRate_mean,[harvest]Diff_Press_Final_Filter_mean,[harvest]Diff_Press_Final_Filter_std,[harvest][Harvest] Product. Yield,Normalized Titer by 1000,CEO Load Protein (g),CEO Load Cond (mS/cm),AEO Load Conc. (g/L),AEO Hold Time (hr),AEO Pool Prot (g),DSP_Final_Protein (g)
B2400,5.374152758115948,96.67037757545975,0.3473883533099447,11.618693668869103,6.412328322320649,298.84585275692,7.1524048171251575,9.26362415789805,314.01543536725495,7.071937723236148,286.4844241339165,12.022676995014452,91.76760352065286,6.802955224495512,42.99464477774529,4.460293717653022,2.434384056798331,333.8395958418178,75.91384542085447,1.2352473883102724,-0.8204218539666155,39.13902217369538,3.4709121213899223,4.95830213711197,0.30558019190248,3.0245113484367474,0.39316276777159,37.22273194134826,95.32865481545679,1.3503187350114163,0.9936491184742589,9518.481310325982,103.40714195641648,1.09642884547716,0.1532303201845128,75.18,3.58,70.41,12.69357848827548,8.8,5.02,61.07,60.59
B2401,6.697203198451948,93.7120349662709,0.3943442467448466,12.958484660883737,5.537968890115479,313.53622628819164,7.00284611815877,7.183437962670787,335.7978611189111,7.036387711792826,298.19328217021337,12.542039173371862,91.22110388611797,6.8667909174446935,46.79671897777676,4.942454604969711,3.918834022424434,329.900562376855,74.224185901112,0.013355591543672855,0.16973219083842256,47.12917517081885,2.929674810104628,3.574560899752581,0.8937987459354568,2.743846092558891,0.8339342566790358,36.82946137707304,68.88943346906866,1.7668038761317049,1.2835611072232893,9778.564756329108,118.94487108696123,1.1010381601427743,0.1458185256701089,68.71,3.46,67.25,13.187248398127238,7.06,3.46,58.84,58.2
B2402,6.7419963523689415,97.65099263077421,0.29453629651860214,14.499560617275737,7.019557773552991,272.63114585553694,7.140295282136086,5.5967184270328785,311.64736320711773,7.0889335006553535,310.8831739326442,13.942155733392052,91.56252825745229,6.752010987105331,50.69750922914288,4.195573237143333,1.8549468286159534,348.74667315103113,83.20463339460812,1.1049404889577255,0.11263658722106426,39.14481255260018,2.2244811378091036,5.199720711475681,0.7523837327126781,3.383063735687795,0.9145871666093816,37.05190835311431,98.58609563162108,1.7924255445259745,0.5220953295563748,9874.043504409114,123.55239692451141,0.9775485708241713,0.12233570172801912,86.55,3.954,80.93,10.114524486945976,6.9,3.49,72.35,70.61
B2403,7.995106332764481,98.06924237606067,0.31197728527654056,9.353659795053977,5.497929970850464,282.0403357211601,6.99253610802772,6.8463815676279935,320.45398771593636,7.055572483531196,303.5664461074447,9.93650070211639,94.61412817406878,6.712380150139907,64.8273664982412,4.090351071631998,3.990293770673412,308.5484102403401,80.5336861641094,0.2769586752193653,-1.5111646082423582,32.798085233063276,2.2345306296962826,7.3336909762905105,1.1408127893613809,1.6260835836300442,1.1881356033141526,37.051649237399445,84.86011043053168,1.893011907860085,1.091634161495822,9864.491202076259,142.20555880612505,0.8317323998941999,0.10888160839380413,86.23,4.34,83.08,12.966222505727973,9.61,4.03,72.49,70.58
B2404,7.418622370506037,91.70772258496156,0.5277548267216979,11.687477424201056,5.490707773518212,288.9253626972568,7.0104846260836915,6.950144969333873,308.9779025009316,7.0599356153051,295.8921093143217,14.594802075215238,89.65162733440904,6.7371734549289135,49.883972872900195,4.592354038254458,3.1614285306703978,299.3127612297712,80.4199735027155,0.4585591362121688,-0.40674275193261084,47.57219554169018,4.157646956824882,5.1869941447110435,-0.0019184000090541567,2.2673199458428726,0.09542706852184879,37.09702451177392,101.82826751028618,1.7623027285339161,0.8140271036732255,9459.688833621605,121.03198878006259,0.8640793402325515,0.1507856900432059,76.44,3.589,71.63,10.898889797784708,8.1,4.65,63.11,61.72
B2405,6.89255816506446,93.1352050849029,0.32275464512355817,15.703638869147433,6.432905288643625,317.534146400644,7.029237957811427,5.089361686917808,306.9326635390443,7.0132500153456,295.56102553585686,16.51541230960503,90.84409266080027,6.773822420323425,60.12170927463007,2.579084074104818,2.3653232686902967,305.0849733725732,82.9888456845698,0.3630092477145166,-0.3786708835702749,42.72957003925117,2.874862816685361,4.958935014213537,0.3034669008166697,2.168739308028587,0.48059353196519095,37.06739133521204,80.61778502725602,1.824412438181144,0.9612200433600273,10054.797091963535,91.98987549347635,0.7793775057637562,0.11940726420492445,83.75,4.077,77.4,12.477717100194871,7.38,3.98,67.79,66.43
B2406,8.109633180341518,96.28124888696803,0.33419286529272163,10.14102942796859,6.610341185869549,303.3910437950316,7.254308294349403,6.641835100122847,295.9693168589424,6.924170130618103,295.0272810982221,14.761627941092959,94.55127183246344,6.710383144024927,50.69347037710736,4.977035127226458,2.7918194493881163,329.9066384982266,89.2505969929549,0.697488311921,0.33043143151220694,39.7199485647488,4.312283275118649,3.2679744871130425,0.5115137019191913,1.4131586617956993,0.417713408140322,36.83123800429505,96.36007846237128,1.7198725672312603,0.4704445717791058,9591.384272692929,118.87217480658454,0.7507840321457033,0.09545189883244626,82.53,4.388,79.31,11.658798558588995,7.38,5.17,69.22,67.57
B2407,5.192360640244864,95.30426629684412,0.5102148116992788,9.9443749567742,6.358479491148963,309.20780688553475,7.068102845987583,5.960931068403589,317.745424461236,6.911073731773013,292.6868651987748,9.868866333135315,93.22287784167932,6.869447147087545,56.983580486815,4.499436902877041,2.4879429612288515,327.46884401404066,71.16309558435938,2.2774304485560983,-1.3228848895693888,38.51432905567172,2.5890909914280718,8.628971331826408,0.1416566973910257,2.9301636023898467,0.2855647508713321,36.73002651754086,92.60204005336193,1.5796585947349415,1.0936163645330594,9752.95047702632,152.8740495972997,0.7433375267537352,0.06851253967546345,72.46,3.741,66.67,12.751812490671321,7.35,3.45,58.52,58.23
B2408,5.796273313975277,95.96303745349057,0.5743040301544244,12.505765479577985,4.651522146092153,286.3180689704852,6.943418837603883,8.294100860062407,294.67233059465616,7.10879203949531,336.94286028186485,13.678095834742885,91.74986607537086,6.937565880854045,53.86883598284958,4.539693526597562,3.8063576406009703,321.53384989471124,75.04649367649156,0.9710063359591881,-1.5477167023405105,44.329407719166944,3.232964160905195,7.2385704621379645,-0.3971943099170739,2.2648017220983205,-0.6280729245040566,37.17446973599235,99.63722261940396,1.5268526999291443,0.9573033502663661,9612.835156333951,130.39639481982047,0.8072918389822189,0.10676056518312951,72.56,3.77,69.7,12.17715519750969,7.29,2.41,61.93,60.43
B2409,5.4807664644539225,94.12330335933812,0.3297060022704795,14.110962976213301,6.430427551942601,286.5655694967537,7.0775198296220685,7.048456623859358,321.98053425364174,7.025096991892285,309.1651549965978,15.929275147746676,90.48579195370678,6.659548203904211,61.98445280074195,5.460734307594464,3.712699466833987,303.15564426339307,75.5352996633019,-1.580339317845535,0.13672038792586205,37.83206639909523,4.914141378414593,7.154843971912147,-0.3324425343397702,2.769815602493281,-0.13469378393315262,37.03716691550378,97.49636733181616,1.4288220842707795,0.7922179930427565,9598.80268299367,110.26933267429693,0.7447918513972883,0.14263930851517825,76.36,3.375,71.4,7.39045459376805,6.72,6.37,63.62,63.04
B2410,6.071209216528655,97.93467554469822,0.37790506259271817,12.028565138901648,5.17255355866048,305.37376460067253,6.971053397033253,6.604085951193402,329.5351660800264,6.996351999030945,317.41462676166634,9.11722920848864,92.77838460232584,6.853015445345924,50.72150929425154,2.547184469951752,1.9965872062867676,331.50300939993593,74.59672151046922,0.4466615152789034,-1.8452575990308744,44.593025698063954,2.154090604269377,7.451588080169211,-0.8175583983299655,3.579885967164806,-0.4275575644660668,37.229875368191564,92.93802989974255,1.1362895120820822,0.9290225375322243,9205.699203899872,127.09327817316668,0.6654442322185277,0.18829616068629268,65.74,3.746,63.42,12.26833756755777,6.5,3.27,55.94,54.48
B2411,4.98564523768806,97.71114225794369,0.4204933330564306,15.322401476092473,6.188220889270611,300.69929197122536,6.960819985367904,6.851345297128393,316.59756533027013,7.050765506405083,298.15291544633504,11.205608364073944,93.4950684138503,6.8236077045680394,42.41977399998047,2.5261661301410365,2.917485517036466,301.62942833524187,73.68966700958515,1.1414807681032177,0.18118947678493824,42.168781142897025,1.4817484000801786,6.865062542315102,0.4216168299098296,2.2233781540861957,0.09050173419447394,36.991053413162426,77.56473223146907,1.2134065473540574,0.6469009397915502,9780.54033533793,111.09583890132312,0.9329104004630859,0.12184831038568428,82.24,3.814,79.46,12.963229428448894,7.8,3.32,69.71,69.33
B2412,7.198666041495844,96.14526753463467,0.5037218586643356,14.141984956416318,4.861012451680752,306.58486582636954,7.072688108791369,7.312370825768633,304.8475227959975,7.121543902762406,302.39660651939533,16.279013370611953,92.04802331743765,6.890981042264416,43.94440774909094,4.77380384532352,2.5957700363590064,337.3842437356535,76.80138774377853,1.202700806536146,-0.473014382601741,40.9787277019494,4.029272105029786,5.6335067172307065,-0.09401517408515554,2.1894235086714224,-0.059180058375243524,36.71896712786461,78.27350443846763,1.4153956554194371,0.6841119828836602,10638.117757963055,103.75430976543771,0.9351893371340155,0.09703933454639087,89.77,4.871,86.49,12.668892522507681,7.41,3.92,75.68,73.84
B2413,6.255555033191349,98.47993065532967,0.3407885752943058,14.104550167225154,6.357057718034451,297.74794810885857,7.002486847021692,7.863539879565692,318.1713804275565,7.066232754872376,295.01024426081506,14.702248128912945,92.99837027218855,6.848447347827569,50.74498004845794,4.4928831448714845,4.105456977921559,362.861576347098,73.13358513884238,-0.42660498305909955,-0.7241849598881349,40.582059221342384,2.338552715685541,5.7543538438166975,-0.6631737506367649,2.4593320848619977,-0.8131386918929939,37.19322593620082,88.99335673089337,1.5724356478807289,0.7073110772749208,9350.081970083967,115.81956764119113,1.1551189137642475,0.08445104375147358,83.17,4.414,76.64,11.84612108068713,9.11,4.08,67.37,66.06
B2414,4.882113076047077,97.0285205529545,0.3852833292434734,13.385291253310234,5.354720876554102,303.3377247174555,7.022286073160944,5.600402879862866,304.4438850001646,6.990955055702313,270.0,15.07112611352956,94.08968606822218,6.675568086408204,45.00752023457558,4.670176943191932,2.254930617311506,325.49676719857325,79.34016947014965,1.1649444451881277,0.9020636686573018,39.30012785314329,2.983434908715013,5.358653453111812,-0.6622448193245927,2.8936236764917047,-0.7735107750323498,36.92592587806778,95.90064139284496,1.932243779401279,0.4294544276619444,9528.39788616998,121.09831727086633,0.7997492447467947,0.13655864688916797,80.8,4.185,77.75,14.46324253789561,8.29,3.54,67.37,66.29
B2415,5.382863010671704,94.10955658165688,0.44664025456370465,17.81913275086521,4.973892279791583,301.8974290188613,7.001118817749223,5.541777314330219,326.8398482583727,7.160366366008406,285.7078701241299,18.83468649982061,90.95749881669549,6.69851328413714,58.28169612543641,4.037872924827554,4.32296037327951,328.74662203486616,78.20679328571445,0.9277423995512052,2.0240547323308995,44.18256048083706,2.531265431638732,9.9521111316225,-1.2103987277827886,2.116643487344925,-1.4788106606562321,37.06840069148421,88.7010246336106,1.4874608316373463,0.9723516988406735,9321.517894261095,97.53413397079925,0.9444150884434906,0.06706151842847194,84.8,4.026,83.05,12.467059693682492,8.27,3.98,72.75,70.78
B2416,6.844865232195215,96.8112517249815,0.4260859644679971,11.48709577783489,6.571056109185919,309.3332086690191,7.026926650128435,8.546550901563542,277.0346904841278,7.192126695268347,279.6513384802745,15.218237224116127,94.80666266290598,6.853530829070197,51.273854681135376,5.164353674239932,3.176693682338144,312.6071034665666,79.92411465905462,2.57251743696973,-0.17283921780560535,36.53862867159266,3.214530224764253,6.8338680469491635,0.9788413412371997,2.0845192014339347,1.3383251101182418,36.870508114304094,103.50254316695359,1.801042887263299,1.0383187228365134,9304.792039375227,106.21008851353636,0.9469068868912203,0.13651035304214665,81.05,4.09,75.75,12.65650995028966,7.26,3.95,66.27,65.64
B2417,7.421939224683819,93.8904582781762,0.37743063572619406,6.9911942698337155,6.193315617341401,309.68409938333366,7.033997271794892,6.422728378913377,303.95906737386434,7.094510098979057,273.5030271086775,15.710508827126267,91.04604805523616,6.973453710369461,73.99685240021145,5.43263884299112,2.386645915533939,292.8468001836978,80.03091380655302,-0.7500017362485115,0.022286585598975228,33.51229949267916,2.2395710342514064,5.304299337972848,0.07861766953178756,2.9285946351206826,0.49309908899003857,37.32886034204674,92.6493489694598,1.8237946969296361,0.6597311700472317,10117.779791247469,120.12402675818825,0.86192436583117,0.14453134818788738,78.36,3.8,73.38,13.566737841075852,7.88,4.21,63.66,62.19
B2418,8.696403980860966,97.932590662876,0.39197062212903755,16.010635903792853,5.508818558885682,280.5615360672988,6.845042645383566,5.016421070364377,274.165384087768,7.137629716020968,288.26497435982657,21.047938370767646,94.88814034567704,6.584297515474839,41.098283238902944,4.983982293951527,2.7259080711935058,310.95920955454665,80.41202741370671,-0.5074005764004252,2.1524721029249845,42.4577604915699,2.856047929693355,6.69824516124942,-0.8628000195732701,2.5893196619190175,-0.5184064749463447,36.82468703516336,84.41984730264588,1.4305659606933627,0.8696406031889639,9230.811592909015,115.10192188813255,1.0116500383124514,0.1330883835969859,92.26,4.62,89.38,12.543889499544898,8.36,1.17,79.97,78.67
B2419,9.705248712608062,95.89016299583024,0.3175062514978011,10.855751422607936,7.160943079216851,273.0327773359097,7.053325813488763,7.621337793136346,283.0889050559103,7.161776399713243,323.5493795113428,13.444108148964725,92.3750341545484,6.891487189576189,56.62906542967841,4.239171541595417,2.638866811462085,303.60657138351877,76.50636425270447,-0.3061190484599539,-1.5812094031888027,42.52495331226859,3.3598522612452273,4.483696623215524,0.8085477496020183,1.3776358684975896,1.4761439679392412,36.932514049178764,92.66284448414508,1.678407063411055,0.7468919050741528,9310.367810653455,124.73773525375309,1.0162843780276072,0.11341014984184328,75.28,3.702,69.98,10.652973369878694,8.72,6.26,60.99,60.0
B2420,6.955850376603596,95.59330280020043,0.3857095753615201,12.269701110857582,5.647478062744206,312.0209447718181,6.921438446413576,7.648717728445762,334.54952013665036,7.151708938476406,304.37789365213905,11.925504814591912,92.82295851212974,6.992754640634517,45.97637581195465,2.392310612385597,2.307767118589146,298.29493135377476,86.48457361053467,-0.4902221500387753,-1.6946421586713956,41.920964610047065,2.1933528909805906,8.25676007788384,-0.560448809794373,1.787304100265446,-0.5520797669525737,37.021489740539465,98.71031803579862,1.4269415874825415,0.8656547924162061,8865.00287050748,105.42398007229727,0.949111664279631,0.13694821960640444,63.86,2.683,61.28,8.342493879330567,7.91,3.82,55.32,54.49
B2421,5.41150806796495,94.50195500231133,0.3840167505994627,15.273876712151317,6.025686139176748,314.25270111914324,6.884616069155247,4.8569986398406115,326.1133296754904,7.105268925940136,323.06789267249644,15.112270635442545,90.55557229039678,6.831636894855254,51.05278927693857,5.269236208037128,3.266378801811263,345.83539912993473,78.9377244659284,-0.890020749763603,0.07828901174452033,41.63091347847215,2.439932776283289,5.00839635628929,-1.4065006270122327,3.150617931913605,0.017179433083856166,36.78156353458261,99.89861662589502,1.896640768223543,0.6744845517577942,9196.9553101831,128.5693649826396,0.8616540442428307,0.125128151133849,71.93,3.877,69.44,11.284318646972878,9.08,4.7,60.99,59.25
B2422,4.15474909119556,98.68959094508287,0.41393019337757536,7.9943511473526865,6.21513075814288,287.75252376583995,6.995327100491306,7.321274401649049,297.0493558008738,7.103851234236739,310.75375607661226,15.141376676411127,92.65124415478589,6.916024299523173,56.131355786724356,5.721728666217593,2.34045911451571,324.0929377703866,70.55006098950082,-2.762675505673743,1.1841953047150917,38.71783848664981,2.7220937331211745,6.7516281489336984,1.021222289219133,2.6009641415394062,0.7770271796909748,37.06610390571752,118.54054958391755,1.6907530014797796,0.6233149687824728,8816.64004281866,105.79489083527766,0.8463704837168198,0.09665628474418224,93.67,4.663,86.38,13.141418288821676,8.01,2.35,76.27,74.3
B2423,6.794482608578219,95.66003513944864,0.36668036687085903,8.870881964734652,5.504267252697109,277.68197512145247,7.006718480265157,8.029816329399722,282.95493779126383,7.096769451601185,315.9558235600122,12.630539980939858,92.35515765525405,6.765631710292263,36.397029001005706,5.14455841198398,1.6737436538832682,325.69531370920976,73.99049701693514,-0.4346994737231341,-0.6569185976138745,43.1499308175421,1.8569476526189774,7.598966444614701,-0.5370969895661131,2.0189020344813753,-0.3544551004287895,37.322382095493495,87.97308791995897,1.1428548735934934,1.0104149772047486,9752.721879684772,139.71281162325155,0.6948369151804411,0.17551236967125078,66.15,3.186,63.05,11.470355502873291,8.79,3.43,55.86,54.4
B2424,5.605764795158642,95.05767879124116,0.42829231135270834,7.996805157202866,6.376909034719944,301.1884178520864,6.944519506834218,7.524141032388768,260.0,6.951239609290766,292.38744206573597,11.315767749157397,92.56398321916105,6.835676056086775,56.89460893430422,3.6203575726324937,2.934226470406279,315.3646645220563,71.03798804388873,0.36935805969990443,-0.6751485198382569,39.81776749298184,2.661951213761003,6.577152816307489,-0.4088990902087895,2.314795171382509,-0.5066753922535543,36.90190756786126,95.1182560609152,1.548457395646154,0.7872258829751015,10619.878888734924,99.4109005874602,0.7791123332073463,0.10944961861168451,47.47,2.233,45.31,13.201767558422594,7.51,3.19,39.73,38.84
B2425,6.043107013802346,95.2253061889259,0.46076294906918974,10.01465927493644,5.57323812226822,311.17005871620637,7.066482548613438,7.884774077265954,300.2170808572126,7.113065084117363,312.33531335869736,20.005595497434204,91.70474407538259,6.655490377803021,70.22325969819335,5.173794393667758,1.9380006625074824,317.40693376334843,78.06933851660523,-0.4932218455059107,2.193272257809239,38.05154575673929,3.0950372319223214,6.141704987729457,0.04118002034917748,2.406618336400835,0.18393324132092287,37.07902856380635,101.11348736183312,1.9944336485471639,1.2044217901706953,9353.328482539791,106.88934875539906,0.8066988714147468,0.14327256901349728,91.48,4.664,85.83,12.22309226388041,6.19,5.76,74.25,72.3
B2426,5.826693521034211,97.17108020821736,0.409325759660108,13.099091515042485,5.670689342227033,321.57113426921177,6.8926259866903274,5.034023262672951,353.56747022045323,6.92797674259861,315.20199927704084,14.849793023008859,91.41185101222891,6.5686788029897345,51.372493613051255,5.360529707961446,2.673487392352736,334.46826023359,77.51277910378667,1.9353811835291097,1.4429372748384657,38.7524347509784,2.6803608467292572,6.016203127284022,1.1425892227901149,2.7678666801400817,1.3054468105260955,36.450112922792286,95.71892448959022,1.4456306896359896,0.8092619929588281,8833.296826803906,125.00844963638195,0.7314042356355849,0.04744157151912856,71.1,3.331,69.15,13.932099105393277,8.27,3.3,60.26,59.84
B2427,6.345130024941977,96.80397694160098,0.42110538450395224,13.310469607031928,7.090114111842673,306.1955708652174,6.967444500098195,7.463456216994674,317.82791688634563,6.978486049038745,296.9269379087283,12.096058008354603,91.14295023440822,6.963131896147033,57.078462854444076,6.0588162477990855,2.563627977977651,319.51494321957176,76.12629720840216,0.013375812715862578,-0.8799001465384714,48.082558795103324,2.7828988056546202,5.915338354669339,0.020037290866311695,1.7208683025706053,-0.028534859984868634,36.992214159903035,89.99258224813616,1.6343145090285205,0.6147843919299016,9859.999865771893,139.97079901797167,0.9659885950031497,0.15829412648342786,78.87,3.38,73.33,11.557174939319008,8.73,4.91,64.18,63.08
B2428,7.6725782538664085,96.90801174551117,0.4031893208546721,12.690685448321384,5.167531157990053,295.5393996409717,6.95321006920536,6.576332336741375,299.9276988511092,7.1673208561027275,312.8335651886263,16.381418785926957,91.13134412742002,6.731800608673066,63.1993735450032,3.6238900757720423,2.5901487495819304,327.960409070371,86.04370444960206,1.2910290551841355,0.5650507011964149,33.06009567181827,2.984078663274732,5.134952266608747,-1.1991171261452302,1.979525430664771,-0.3085616183763974,36.93739154281476,77.40891388386908,1.6637636513217435,1.0453881752871879,9209.230016427937,123.78051643339406,1.0794941803480516,0.16406291233963743,82.9,4.247,78.08,12.701422239851532,8.58,3.22,68.69,67.7
B2429,6.672753424189879,96.94780620661734,0.4000050635854849,8.468085290269084,4.069775735256408,289.28243254098163,6.996273018372853,6.324093777785498,318.3714437710055,7.125619814642477,312.92662862004767,13.71622260594053,90.81200053971178,6.795336658599588,53.688371999784025,4.273545415455861,4.600674171113107,317.05993553232474,80.19593149630764,0.26142041272996835,0.978699998630834,41.9991524171832,2.475405230054149,5.325774855345443,0.5438770041121802,2.5364778774316945,0.5579551673487375,36.836300479517924,89.86998529136382,1.18901313025062,0.926160032829204,10019.738772221415,126.75429504218869,0.7637906351506275,0.12089501361379915,86.0,4.43,83.5,12.75882759680304,8.42,3.46,73.29,71.74
B2430,6.325501679257443,99.5,0.3567065179874292,6.22474140841839,7.288749596009516,300.13741550004784,7.022309142771779,8.218777853187618,281.9027496461,7.183865846071727,297.30626330417886,13.342508239573638,94.04504533890733,6.683626929607576,50.352318491748136,5.247272051143455,3.2394880970187,314.8677066390193,80.90439344578533,0.826407309893258,-1.1245605963254035,33.28355828950513,3.552850052693502,8.219385560476402,-0.48498972426172404,2.3500827097522747,-0.3040471111783858,37.21629009392571,83.1155710473864,1.653212384764054,0.9453745727392848,9387.188380884023,120.21044282007671,0.9425162153616956,0.13676313104213275,82.28,4.064,76.64,14.25240280894679,7.65,3.71,66.42,64.89
B2431,5.360780871891607,95.10588696395385,0.4189896557003985,12.135883963475955,8.039462362085603,296.4088235533769,6.919368564030116,9.07098431494392,304.6481794714426,7.025549305468144,289.28124194820606,15.461909466977684,92.72608608389213,6.6808036356299345,36.79410877022598,4.557410071438158,3.3717597062967326,298.89628751597206,74.27570604823158,0.27924155393356226,0.9537554475526651,39.567066646708106,4.1487824998414204,5.837195050972265,1.8879239715294662,2.685929591318355,1.2411362979945593,36.93475126367523,75.28071982651466,1.0818494543896122,1.0381201357735839,9247.273724366887,107.68321855061768,0.7448833290705434,0.13675545544822687,95.08,4.467,92.16,9.440044040498583,7.19,5.54,81.48,80.06
B2432,4.657848760825207,94.87306599604261,0.39416280409519067,10.82055991590416,5.675784587640535,287.8191851312542,7.057942614196498,9.512118076440503,311.79059451428327,6.946297604285091,288.4222033534242,10.641106102597606,91.46393253912773,6.8291394759886455,60.12792575515979,3.382672397948725,1.956521192560394,290.3337640644931,74.00342043467595,1.3687846319035628,-1.5212854130654219,38.26549005938325,2.628495686243641,4.821305595925841,-0.0011197219978901704,1.7852463013202011,0.16644786612194715,36.964504502581285,86.45185389995297,1.3123127680795812,0.6694407412308412,9428.816977701725,114.11833982112745,0.8542616743591257,0.10071649291077828,69.21,3.483,64.0,11.312387588170264,8.55,1.73,57.51,56.21
B2433,5.965061300019336,94.20969999785467,0.5255900985358357,13.14846442929153,4.450529567503851,324.5850678103594,7.005040189466776,8.840731020108267,308.4501882672211,7.028360652263669,306.21107758690044,14.916830730184648,88.8644984516749,6.762450736703722,54.094652722168824,4.914616285026703,2.742225806454155,316.076571484004,78.14722199638781,0.05593935013240072,0.25763753096967257,31.659886813280487,3.3881585851821656,5.225553604707737,-2.235035497898666,2.5785643381356604,-1.9533910615376124,36.924561425042185,83.43489935080254,1.8227168902482576,0.7745493382029426,9803.110704374474,105.45708336022469,0.7964505631233336,0.1364136691631802,76.4,3.454,72.53,13.272774158082756,8.43,2.42,63.94,62.57
B2434,6.440839194099848,97.3551547296661,0.4944012941485146,13.754884065553176,5.751612819043245,321.42202082486557,6.848644299735047,6.846372145717742,324.2345101904215,7.059182816751652,309.5781381630504,18.973682500102555,92.60527956189664,6.895356519759363,46.898529188894706,5.078661633815167,3.3507118409590584,320.8474503798985,78.6920285586089,0.4961207080887857,1.1003940852069625,41.55615036173505,2.8083062756522823,7.650556021045835,0.357364972155674,2.945791809688736,0.060464334597408104,36.616636825646985,103.00543854351538,1.6070268870925073,0.7657100337024414,9409.031747697738,104.65548038667754,0.9902843472909663,0.09574108590382334,94.62,4.474,87.47,14.318844719667972,7.44,1.66,77.0,75.56
B2435,8.444722904937871,98.48373904398596,0.42315079315339005,12.345603580146705,5.771021640127465,313.63258420266516,6.843312684768238,7.4938082282368805,316.20361407224897,7.0571089844706005,293.9046383735892,15.212061921713008,93.23283875293625,6.904304610277551,56.01277368222155,4.587962896331002,2.482829760960896,300.70804944936816,70.57475373154217,0.3663329336500437,-0.3022544282404102,38.47984775123122,3.292389876030804,7.013409949746718,1.9445977922602284,2.6434092735746417,1.3423183601618487,36.77360271198461,103.21310204897152,1.408656657676042,0.5418506926168764,9301.310118882519,124.82098703183695,0.7981817739236733,0.10173729229064021,92.85,4.455,89.2,12.360107268963121,9.11,2.69,78.98,77.61
B2436,6.643301973620175,95.74931559315928,0.354216567418314,13.900332713439635,5.848060927182194,288.94979522629046,6.999014456565655,8.07355202049794,322.02986832594394,7.152031243088103,305.37219477856536,13.021848530162993,94.03888364305928,6.888501957558953,50.33055714555055,4.719584927179945,3.83564399046259,319.4828770244805,77.27877190860187,-0.2882854581273188,-0.8840808713991999,31.603174629755024,4.252623624962603,6.840493767348385,1.5759202885453896,2.469555869880796,2.4082375971662553,37.19221869722404,85.1534485250295,1.6339383063735562,0.7472819699683514,9420.467358808452,106.52186421494446,1.051749062055997,0.15380829429636894,84.53,4.438,81.78,11.56094375336777,7.12,3.03,72.63,72.24
B2437,7.581013462125363,94.15165575068244,0.333255311680995,12.573028435287672,5.109289566462522,310.26023189156734,6.982322614577091,7.169649129019247,297.6092989198463,7.0174856617496895,312.9875185059388,12.681526270886572,89.63693737087317,6.878632094911413,50.7725909510758,4.2412940983142695,2.3581123898692793,320.80628844485756,78.05628833149402,0.4049823189246768,-0.21643795418149886,43.35827236309701,3.406927634414479,5.613718201635312,1.8309542887565653,2.3520581987170144,1.4509202453714662,36.57800987062401,92.87725643324255,1.4819723256734605,1.0672758915753648,8991.257926199645,123.83464808068034,0.8631418839506702,0.14923973072100608,81.12,3.965,78.77,13.135677553011668,7.42,2.06,69.7,68.0
B2438,5.950774841606933,94.18614132547927,0.4714685771853319,13.325161764003667,6.4636489139811815,307.67551691397483,6.991726390914029,7.183069863076162,326.16067735138984,7.081683102462263,313.6546700053142,12.933116069302717,90.72171928287783,7.039332184591826,59.85032924886966,5.978278935716059,2.999543704894377,287.6598799091093,77.13940333691548,2.234386246197682,0.2801421485854546,45.74002471195574,1.5812683689522553,6.860043705259418,-1.0197601853814635,1.982574423614249,-1.449590325886751,36.84673693007686,73.70108805464957,1.50377355070555,0.8474676207587695,9658.812640917593,104.37812697334682,0.8025594435607754,0.09880873493652623,64.14,3.095,62.79,13.303054012847525,9.64,3.12,55.04,54.06
B2439,5.196561856941273,97.43130413321434,0.41576495350882836,10.238316842825293,6.419605900228869,305.31054749044864,6.997761403477583,8.153254384626655,339.32086505723186,6.961023556550885,326.72632168171486,13.33969703707577,94.5423495908667,6.721888747714614,44.292940709409244,3.5993078162873235,2.789763852017109,306.2731301078075,74.74643835061329,-0.270396942095442,-0.2898102217632762,45.960497369186285,3.363196505157567,5.034658312574028,0.9121523959767788,2.3640007037801056,0.4960409526872329,36.92005598874205,90.06792059780767,1.6970455580160413,0.5307877344310025,8785.309362462036,123.55659624140105,0.7120042106482256,0.09799270969496877,78.93,4.435,75.8,11.46050748199904,8.87,1.58,68.12,66.33
B2440,5.438371561544391,97.63515917664758,0.42880860420349665,11.550971465421354,4.804475504144555,314.9959832045253,7.0180447871608145,6.917004295563695,292.5373086462746,7.090528555023943,322.8777316507726,13.017703014828493,93.39477998282433,6.84340781605565,63.37852228859007,3.912679237236221,3.3150244615673414,326.108958406032,75.84185927231545,0.4194648928532483,-0.2532245748721249,41.43582576260589,3.9862909946472076,5.610578952981339,-0.7219945397367117,3.0298529264402028,-0.6343224945666904,37.34872437345831,100.78778280842815,1.2817896778022604,0.488832117667013,9322.351418253795,114.13580917244445,0.9379806765443025,0.10063210192626984,74.43,3.81,71.91,12.49546096826632,7.64,2.78,63.57,62.22
B2441,5.7022513290106716,97.19493939027143,0.29532484078154847,12.491940241642393,6.55935738535591,307.62445371433535,7.075811968787864,5.978998289076874,294.0214781971379,7.050279769516707,290.98191994140836,16.382409746793872,93.27423340006624,6.98592277846235,43.81851069505277,4.510985513527525,2.7516569497012022,325.80588094093616,77.29256322570882,1.2577789508694428,0.9181136110083512,40.184232554308466,2.8227230640015177,7.454706731087618,0.2242893994169245,2.340485746699937,0.4093128025509798,37.15372075309927,105.89925467536924,1.5121009216664072,1.1329552117496544,9803.754083532298,136.87938640380773,1.034282760333927,0.14197918699396472,77.35,3.952,73.51,13.770790893617955,8.29,5.44,63.05,62.29
B2442,8.84131670567868,94.53587864396488,0.4556463088934909,14.051321188543547,7.642147985556713,308.88017083565205,6.911111607926595,6.419737707829798,334.0441180537642,6.982516799554393,328.5702069335323,9.493656331656645,91.41279083506313,7.001744777120564,49.69838873315789,5.3789540277008925,3.0103744610503442,302.6948762540036,78.36320009444019,1.1402532809442802,-1.7901985548855124,45.31262648358319,3.7965078448942657,7.311416518378596,-1.2729524287397325,1.955098005325795,-0.8600909557386472,36.88856589458938,87.44343501970424,1.406319541618004,0.7819361979489741,9621.219313173087,123.88462674694878,0.9409981884805312,0.09000045657568809,49.6,2.387,48.34,14.835688489911679,8.15,4.48,41.46,40.4
B2443,5.596474652853175,96.51075491074678,0.4272652202928618,11.01564706943857,6.137568265949648,307.6428754004665,6.906242272567936,7.887474528827239,306.5558082394889,7.028775357404263,297.56632893622,16.241200131071547,92.67736824171003,6.679388362078651,70.38356955253262,3.0026268299054633,3.0347089357554102,322.376720757496,80.41916633020227,0.011716417719365251,0.9826831723770884,46.72953434136039,2.447907567078443,4.527135231073795,-0.6444557648827163,2.153876455617307,-0.27714157943969864,37.26090273942311,108.62225832633024,1.0243189876199232,0.6705179588596766,9736.128229194555,134.8293947159297,1.2358247499621635,0.13070137917107857,78.22,3.762,74.98,13.113907438852937,5.25,4.22,65.25,64.24
B2444,7.422338124109979,96.2567087801096,0.33337415893513134,13.30291813933028,5.730139870345195,304.08949689602525,6.912534091369009,7.004190607679938,335.26878505719804,7.03342418281363,319.628219374362,13.012815034629341,92.99006382780978,6.812517347001295,64.01883809313938,3.189703250234561,2.6859285698260895,335.3361083804071,82.32342481980348,-2.3833887029573617,0.1950485015463586,44.5342748115025,1.811568672382181,4.716710320637136,-0.6762466973636153,2.500425148637965,-0.8327538154140048,36.85189683589978,77.81169694183833,1.2238632731252101,0.7452016470205994,9473.981730912476,110.9322394028977,1.1144681178705627,0.14240540431902884,73.08,3.108,71.11,12.06620834499839,7.09,2.8,63.04,61.81
B2445,5.506780104104271,96.48111491280383,0.3717085115530031,11.335403020211553,5.886397428473983,278.5966664434298,7.023113333373496,7.476293967615673,302.0343571859407,7.0256860383596615,305.95181276471527,14.980064242807968,91.52219115537135,7.012974531504071,55.78083193996352,2.462271492265282,3.539565707947979,331.6560943848635,76.822609105891,0.5167028186484662,1.7746931357369586,36.2338495910808,3.1129352150661123,6.163053229220115,0.8985552801426162,2.2132430014095763,0.8999481655218419,37.2018199607468,81.02846641027449,1.9704619341191496,0.5045384491365337,9967.898472394207,120.67372008293,0.8538708352924477,0.11735263649120699,81.98,4.341,76.58,11.918887235943137,7.95,2.16,68.3,66.34
B2446,7.524730314161669,97.91714331148602,0.41582303226139117,11.706144581679673,6.492205413574849,301.00345292892666,7.0995957902917155,7.9381109390830655,336.1908203728728,7.209420711804091,299.2299087016024,11.069831433477754,93.97267361425394,6.910969492623887,47.475758275990266,4.532695225253271,3.3668718623861977,318.570713194791,76.17537521553857,-2.2194742586230527,-1.025015254218244,40.805379412859686,1.5948186234029487,8.589198562004265,0.8007191216696554,2.6426516415315704,0.33018746777497576,36.7282245508154,104.51594238765452,1.6154169943755703,1.084619029902324,9869.879678707917,108.22695410260467,0.8522958849289396,0.15030191090594783,68.51,3.538,65.07,12.836094835790433,7.64,2.63,57.45,57.06
B2447,6.923446062716449,96.4919102073043,0.4031480079013746,14.073797605060182,4.615462715594226,293.3256964938105,6.965492844940839,6.475221951943347,312.3667447024981,7.041139859792291,279.69224396315093,17.454440773808535,90.96440981446824,6.873431563777572,50.76582154640086,3.3816941827934563,3.137970238322783,312.9803553001356,79.75062269413722,1.469937230941231,0.5779748098955142,41.75806457716571,2.808183189685127,3.1266522532965086,0.2768197293308208,2.6614218803745153,-0.012560423274407012,37.21465156635783,116.05345474275896,1.1029235095795833,0.7213894124827941,9678.45640169907,115.03673708706698,0.970454507922803,0.11087069491530623,86.72,4.291,83.58,11.826490736280824,8.25,3.95,73.56,72.11
B2448,6.327698312576101,97.49360983875818,0.3824697288517867,7.017349072364611,6.131512562381841,284.6419085083198,6.799864012467228,8.058747429081729,314.64811881980853,7.028049350084039,302.5980968569711,17.23865089644687,93.19796684901502,6.823877836787841,55.586202516685574,4.1154498899820835,2.8986791665766294,310.5598327349824,80.44337966564342,0.16947387119326057,1.2583624103381257,32.76153212433108,4.029473810116403,6.417499409355757,-1.3504214180553855,2.844491590202324,-1.5149417951471813,36.9187732709058,101.92118385820434,1.037893687245477,1.0734803055476845,9871.018310925418,116.85474932706445,0.7742971229361473,0.11358433197018257,80.74,4.003,75.26,12.284460748533583,9.13,5.04,65.46,64.78
B2449,6.455161221251022,96.14867395287555,0.3937907039160424,8.758819179813099,5.687628840429752,320.1817994316099,6.86368057099117,7.530379644841752,338.1649243900583,6.861229413815087,283.1686347057215,16.49493536695019,92.33379818727957,6.80394388891507,55.30018585871679,5.161378189891708,3.757580821363998,327.01729674364486,76.26319826696445,0.999674019871989,1.095990478458726,41.877442638483096,1.4721896754029753,3.935935002640278,-0.31163943394972,3.111779736132516,-0.7402490606965698,36.79429915181175,95.51589136159186,1.4663508299668249,0.810330342889463,9800.169421761431,111.28970135175433,1.0749432459798731,0.0906826130660443,80.78,4.223,75.34,10.413185603203688,7.68,5.08,66.38,65.08
B2450,5.77973353502767,96.63606267711796,0.3848813573075869,8.294536506392948,7.478260010364837,320.74794409062844,6.933357062176319,5.27126167832393,303.4881314060049,6.969521338321847,318.5421893017988,10.061637582936797,91.7977055083488,6.884586287570839,54.2730325629923,3.8584572792171534,3.0349160293300734,322.9265595971433,81.16157390786469,-0.9021111381810512,-1.381300292740949,49.091967303917556,1.9764025632688818,5.048503509711682,-0.746116482942726,2.89792936218618,-0.2085152149581136,36.95657127738474,69.6577950417335,1.9683559599529445,1.085906394913688,9324.214594661244,105.41396569385165,0.9542400782765376,0.15051532042860616,73.4,3.281,71.83,13.945585794736738,6.94,4.76,61.87,61.47
B2451,6.990679421630289,97.38883409684479,0.4091537507261481,6.165959700379238,5.8606618129560335,316.3106472035473,6.955381689000383,9.019226707660742,293.0598022733507,7.026323391798928,326.23509719994945,16.15571478477174,92.79124802413993,6.819715105001862,54.753339887326526,4.731282022743365,2.9853118985218443,329.441060091533,81.9183413646239,-1.5525074733000543,0.2748485994025471,42.55974466320316,2.174374203870738,5.453357372903638,0.869675756694491,1.93288046792602,1.0146690735818724,37.05546883594404,71.73063532747824,1.4439725595586943,0.8513388998086171,8962.440435323466,103.03779211616816,0.9384688366287799,0.09700438659063389,91.9,4.447,86.94,10.289722909276982,8.32,3.11,77.85,76.08
B2452,5.999518171625142,92.79425719631753,0.48828951837958945,10.304338899612059,7.334310088895616,303.0625610022705,6.967328909819622,6.298957358740317,301.9258442554896,6.988273259144102,293.8432461498463,15.052623227852843,89.750372274297,6.844890565474667,53.28499912235909,4.200662092248278,3.2732830209216885,321.9781071968173,83.1667458626347,0.2607543841411672,0.5559723033711095,45.89365232576702,2.949344112231232,5.369237484844664,1.1781848528171845,1.9482327767118637,1.392123272885859,36.90105031389486,97.55291444275042,1.8920998660212047,0.9706465325738153,9668.14485033705,91.92302261151124,1.0030430501656225,0.13049315453145177,81.87,3.809,76.21,11.35183235932048,7.67,4.03,67.26,65.93
B2453,5.151833659856027,95.29672332401394,0.24600049354412218,13.87358474931935,5.117007441774394,316.2075014514319,7.0030864898384735,4.682866519540743,318.1420111115765,7.174353683404002,309.2275903952698,9.826294757455324,90.63072896054575,6.8594318447338045,43.4641701148799,5.172114315096437,4.387610678079596,332.28145925521164,85.1132836268793,-0.03360343995614198,-1.6176993608134258,40.73165892051482,2.707426571483033,5.199306090511187,1.056385586030883,2.362114261770088,0.913652974535969,37.110790701199065,91.7032479651459,1.6055792312455972,0.9438186092176675,9718.435692332572,107.3238424379585,1.158424482505359,0.11786051798622195,67.95,3.84,63.87,12.146389891277721,7.84,3.61,56.23,55.61
B2454,5.094268668248419,94.96518016055585,0.385788984129419,11.287789834043563,6.469807333442234,300.1446381672219,6.975060293534204,5.536938806579177,281.81633670075075,7.03515560021434,294.84451869188837,13.93682680219588,91.17267227957842,6.76863141658078,50.86791406271334,4.975128067348009,2.2617506543851578,321.4188879943655,74.53433544536225,-0.4915408261571657,-0.30376669860074174,39.70712670406471,4.11930910535687,6.010810590564555,-0.7552194194170205,2.174412321380293,-0.3312134269584088,36.883401223267185,82.72997781417459,1.6413751373537682,0.9246582132503942,9936.188796455426,127.52992676006214,0.9256433028281258,0.08841650810665011,68.66,3.652,64.81,14.986480319832959,7.71,3.76,55.85,54.65
B2455,6.689846709494331,94.59446873386464,0.41059074528234685,12.49447520485463,6.255520211032983,302.43356732277334,7.083947168843473,5.57053677505035,321.4744762477202,7.165959982438642,296.20121377808493,14.947789671486483,90.22534568488187,6.913855524865772,62.316992431894775,3.80806630382539,3.7388998251387484,331.7703307419753,78.05559283733004,0.08466128073276377,0.2579211680062396,41.5250855603239,3.763478663273358,5.197116650054133,-2.739533122289479,1.8308366365195285,-3.0331189158030756,37.12407447878627,96.7863909699606,1.0992838472086293,0.8695868954365422,9125.471489981883,100.8180176158406,0.8830439443692923,0.10172690568530038,68.94,2.896,66.0,11.36597552272151,10.24,6.44,57.14,55.95
B2456,8.237000382051479,95.39468704730129,0.417759639381226,14.723043741776982,5.304762201708174,286.8783435544562,6.945918615545491,7.0730426461205465,300.3021162828806,7.055553417064533,315.8429258541152,15.445795711940193,92.0772742181221,7.19970935780985,44.053325619591064,4.331348246599547,1.8747801871333267,333.0623415554996,78.04511078647464,2.76743589203226,0.9306001807975917,36.73669340806227,3.3962183568548783,3.806313922718771,-1.7669618981300543,2.1791541029135026,-1.156682606192404,37.08844441240732,97.38157641009371,1.7812568765249273,0.7534298567768831,9137.427576289134,103.58252584496034,1.1263079434983867,0.16148616717122202,53.74,2.308,52.42,11.000976279059405,5.76,1.89,47.14,46.9
B2457,6.675990774930782,99.28887088471568,0.3776851251207226,15.319215330669229,6.141916891709553,304.7638956539861,6.931014563241956,6.6166092922352675,330.66062789320415,7.053350505277942,304.46046433419224,14.460879554067025,92.67330516300467,6.6367616032808705,53.48355590768577,5.543743397720494,3.352091210760037,307.9321005466278,77.60770572586998,0.8345255473690577,-0.28459377809026,36.14489925106245,3.116504251475108,7.169804418784165,1.4216269780822084,2.1627435331904805,1.2792308633718892,36.98781538905841,107.33299042248328,1.3995203888179177,1.1830869383145721,9683.960106523107,141.490782854795,1.0451325623986703,0.1260497262790344,88.87,4.411,87.03,11.173774623999309,7.61,3.72,77.08,75.84
B2458,6.369497841279129,94.09517154547487,0.29459669305128505,11.827155163184651,6.970015069465281,300.724631141093,7.038310043081637,6.52843524530317,266.9033145117915,7.042008319705875,329.35507258703416,14.757201683803187,91.77604320543158,6.888881502902797,48.44196856983325,4.893376870254097,4.302557979326112,292.8778392969388,75.40294832155945,1.049498605863319,-0.9505845567049478,45.065218228677466,3.314583821587862,7.129308250723321,-0.4012549393198239,2.064076130119397,-0.09022285836218408,36.91172353752681,97.6392273961524,1.7589277360832725,0.6186126029808199,9471.533204458765,112.36204740182094,0.8518530239424417,0.08972548975899475,65.12,3.138,62.46,14.488345751416968,8.0,5.45,53.29,52.61
B2459,6.814408753562797,98.13021238010126,0.4196797290228466,15.383964723923494,5.740966636570719,284.3681745979864,6.87714863440591,7.867582751675471,295.84181604812494,7.050341662645931,298.2487452981591,17.831389619858047,92.02633595406094,6.758777189365731,55.89080343518489,3.1030379422488688,3.542067967127115,343.1523928402183,72.05775198707572,0.8439368915533556,-0.1995896904289255,45.489369371466076,2.3104141157493,7.264761465034003,-0.7507246182651125,2.242105256922497,-0.48610660590590027,37.03030815915305,110.74073242001262,1.2557490054041662,0.800861528468632,8745.69535577155,123.85255210997803,0.9007779672988531,0.12915984862046076,83.52,3.845,80.35,7.781479509740969,7.22,2.24,73.68,72.66
B2460,7.936601915877508,92.29768650244523,0.5036410128498511,12.230316646085273,4.646429880664189,299.38563465820084,7.0311753364256,7.4758255056697855,279.6435732777862,7.204691550274487,318.99070865464284,17.187688165767767,89.54279791391731,6.91928830930231,51.890934551465456,5.155618061171383,3.319437554977855,323.84988096068395,78.37071778411601,1.4794621438521929,0.02814717193719174,36.0355747376506,3.68576828284529,3.688898255603877,1.642660293436234,2.9892254251591655,1.0014391876060442,37.11005074860674,96.09592835458577,1.5531148042529737,0.8029771750415191,9650.043265501676,127.70780575800593,0.9293071373908198,0.11561657905216365,77.98,4.385,73.25,10.49589298177712,8.9,3.23,65.44,64.83
B2461,6.741320751500242,95.2632529340313,0.30796831570503175,9.906504440431345,5.985949738818043,299.0432452337183,7.008204254698101,7.442467018902001,295.12786960544884,6.8412350345923905,306.363787781409,7.0,91.06004462800199,6.855586896799343,66.81914931979735,3.415389377563762,2.8076853718378474,294.2827115675582,74.92657736180836,-0.1900716729007449,-2.6404235848555078,43.87199521821546,2.110364596512639,6.448377228876226,1.2651599454883269,2.4996190206246194,0.4761700435086592,37.41235983054632,94.61598006231196,1.6056008861812894,0.8804881506687043,8759.030834004418,127.95031355737537,0.9542719416907475,0.22362139206732545,70.02,3.579,68.01,16.09693306373933,8.81,3.37,58.32,57.83
B2462,6.047980046082889,96.35805674323102,0.45182968082189134,10.513999119503161,5.27806152416599,321.5707339997357,6.988204600806546,7.57375984026017,314.45798621996096,6.869860883000519,316.14089213641927,13.174659757422027,93.59144548232032,6.941422572885095,59.05266523352203,5.9125130699610065,3.221733040341988,309.2927075417193,78.3439739229905,-2.0547613076752937,-0.34744246022980796,39.652160097575916,3.6683015951217848,7.013968283710385,0.02444872191978665,3.6359045380277344,-0.2640402528413667,37.18788408435964,108.77174623496619,1.45379000502724,0.7141054708210999,9121.89737925065,101.73222923270328,0.696510022359133,0.12855371524026818,70.69,3.653,65.96,12.886323110237456,7.95,3.73,57.71,56.79
B2463,7.716917581065878,97.28968912899042,0.3802884866126264,8.29865871858746,5.726127249068894,310.73055994216094,7.127062088571941,7.862588535203134,306.7739207419044,7.001114625204949,298.73979279738074,13.571907328385727,93.09154920323331,6.991060789181053,44.505574673782306,5.524098839841025,3.0235560292176507,331.57811438554745,74.82382583320458,-0.1885861330060098,-0.8652063975617278,41.35923429796172,3.948914001695065,4.453196897340622,-0.2934030910639739,2.4852540930098246,-0.02342571489521289,37.19519798996317,84.25870943950278,1.621363557925847,0.8629492611179176,10040.672549144043,117.22728384120612,0.6686273088297661,0.10858125458800906,77.77,3.716,72.05,10.34102257599117,7.73,2.08,65.0,63.53
B2464,6.971632082307774,97.56469847554428,0.39632053925026917,9.779665365665869,5.934729784251903,300.1373452690976,6.950223404376422,4.04886532151158,305.4392037589357,7.051307509374381,304.30617627427785,9.444543710909876,92.69563326208157,6.8730905341321815,60.36982409290959,4.789885475918401,2.6498163744480516,315.8048475330066,73.60136661662264,0.8117357099965018,-1.6415893803944468,41.84087455774026,3.1686916816704698,6.0137598722731935,-0.13210121281312523,2.254967113031374,0.16375053517900176,37.6,129.77336943919394,1.4200808774422473,0.7662314829594068,10229.951607122846,100.58127276577929,0.766891496699632,0.16260083753361312,63.02,3.331,61.66,11.937123026737842,7.89,4.71,53.9,52.31
B2465,8.189331591195591,97.74536391743983,0.3368260893577631,11.104958279813927,4.635478227187586,302.985447717613,7.164823853641926,6.489786446829754,307.1346723151589,7.112109398228761,303.3830156898149,14.244875951404012,93.50207099439942,6.985846274609701,48.8027851499035,4.657232843436193,2.9970870691675913,312.3190787102131,78.93719344150759,-0.9698003951150737,-0.442182449617333,43.977401872497275,2.8590295528304193,5.825600032034451,0.22716279838746606,2.402066441327433,-0.354088532323399,37.103191695353566,100.50308973800082,1.305282074087616,0.4836094965124202,9013.737452611214,149.3558143069239,0.7552892335482987,0.06476891498121463,77.64,3.787,75.45,12.101181849101792,7.9,4.8,65.84,64.87
B2466,6.7015578809440965,95.23280484105344,0.37993262965864744,14.008962548446505,4.707473328543458,300.53054853725035,6.981965484061752,3.9477059097147364,313.660988331159,7.092577847822473,293.29520039215896,17.246770208267318,89.56127913289637,6.568684252745358,50.38402902897973,4.29096774397258,3.338866812438508,341.0132279046945,78.60368610722598,-0.17636595048933035,0.5347792449732042,40.33087280745276,3.3202479266477387,8.763225987852396,1.600047281319608,2.52824598922177,0.9676004421343811,37.09692870226234,100.56995103405208,1.9816450148381892,0.8019104572513693,9368.243385034923,100.8614968318128,0.8034263979041246,0.12282960469143292,88.41,4.35,82.95,13.26918786885841,7.92,4.61,71.88,71.21
B2467,5.15308406510745,94.98282605613795,0.47800267568193755,16.30192457791496,6.38565346842042,297.5650321824534,6.897838684402382,7.050483897516914,291.84635124502404,7.015417867840749,314.26914148414454,11.174923565064464,91.49252839694242,7.040854275749923,57.510552160856975,5.178523951400028,2.6629480520285522,304.29069280424284,80.31712788528372,-0.6917697430023131,0.02134506466275532,45.64064798120774,0.7107853039194616,8.886744055518859,0.4224674242372267,2.6176269785855317,0.06980303622530692,37.14080301486433,102.30115168767117,1.8146858599084328,0.5798869333939697,9517.049009231483,107.42591737356216,0.9952065963135006,0.17983285484043218,63.61,3.333,61.1,14.759253004233845,7.81,2.96,53.08,52.08
B2468,4.995024880829768,97.88754693876574,0.43495931451926245,8.5445462115574,5.5818250430642555,287.0108736313406,7.005593566479586,6.993513838885916,322.7232935361829,7.141713932391759,314.1034860780971,14.874642440593668,95.07640516170362,6.895007458227081,51.066020642158925,4.129221830537938,2.6356027255207213,308.0276996336775,86.7434550656705,1.5020292518431304,0.58240539403062,41.2376513590397,3.241806574788369,3.503465410004699,0.7260290330391413,3.438355662929512,0.4742026539765438,36.79820680448235,118.52563770397971,1.271740576485547,0.4531228475102198,10212.490771032628,107.51278974190194,0.8746606265512893,0.11651402146920738,85.03,3.844,80.61,12.582827521918823,8.25,4.1,70.48,68.66
B2469,8.316020725454376,95.57913048526045,0.5039386963245966,12.982068670649797,3.948204526543546,298.1873774687169,6.913900383974498,8.463745184705552,321.9279874669387,7.142717586283745,313.3097657286779,11.61885895902926,91.98481493444243,6.9793412026894215,62.14284653058364,4.735569870639894,2.247829593685478,323.170797125724,79.10915812484339,0.7494570154065637,-0.6476005487961236,42.49673708987813,2.9093168017281545,9.740890508591985,1.1692701090701714,1.9773397675112157,0.4490592603685848,36.91121967271625,105.51008894007128,1.670533291678384,0.8273746641378771,9302.85242087024,102.04007427932544,0.9294591907515283,0.06800096866055763,65.9,3.694,61.91,11.190317545480559,8.75,2.92,55.17,53.91
B2470,8.396032292861626,93.19349008865657,0.47064471333866165,9.398640152106164,6.627875229286508,291.04682092016986,6.93985953217492,8.662688149809568,316.93068287780983,7.066565204814441,326.51751915484704,12.25302873843284,90.65293126859926,6.7036149106190175,48.803919507892836,5.371934366519451,3.4735075182622275,325.85682398080826,79.94032706825652,0.651540620643959,-0.7697867463338672,36.66694963385101,2.9594975095544074,4.627161418270014,-1.169676001024419,2.8295230290888678,-1.5630453073268091,36.898766146661536,76.73932825195291,1.277196343589654,0.8975766684039134,9309.24639078669,136.23112691707854,0.7163544884936608,0.10812246106768206,65.6,3.325,61.48,13.180626663147306,6.77,3.6,53.74,52.81
B2471,6.30252886538914,93.50676812919234,0.4263452007357746,13.186742721158005,6.217895804219392,284.99621353292224,7.031762664001239,7.283885067553315,320.01760196952273,7.136639181523815,325.2908272173082,17.84122344884209,91.2995857949005,6.750307614207359,50.048427579269095,3.9381934564744103,3.5817262833769425,327.445145515111,73.6897546845307,0.6216013131209713,0.6929739442004293,48.63463604281934,3.565226010318262,7.471009941491139,0.7548618924740429,2.5038752988070616,0.3128984900399149,37.12952279544391,112.84164461721005,1.1445946069013027,0.9053396084209153,10119.490223385144,149.06937481300196,0.8307536695618583,0.1636355412287711,79.02,4.271,73.34,10.952620954705708,6.95,6.58,63.62,63.04
B2472,6.078493946750413,93.97720497079645,0.5046360715700675,11.672283373280683,5.428900140770812,306.1346617745704,7.04444656709201,6.2994944916443405,315.33552401455586,7.074538073708891,299.7507743421121,12.589349667709255,91.89699778304913,6.867512595297373,49.74903285161513,3.8838072600093057,3.3621623109655623,333.6685706685342,72.8523702378545,-0.037249252552126945,-0.2094916818472722,41.87929969281986,2.9401848627482177,7.455746971295596,-0.29456875466161137,1.6144511287146912,-0.21588190697236737,36.96516508755576,91.90924104665979,1.8101428324196929,0.9134341414039389,9350.084338912697,114.2910105682486,0.9880886492617261,0.13128208788962312,73.41,3.402,69.96,10.449993756016456,6.25,4.11,62.09,60.5
B2473,8.107588721466422,97.09375363691828,0.42633958952429796,7.422735435381174,4.9465358311534064,304.69517591919885,6.950226583979659,7.679225557564033,346.6313194491592,6.99946652758954,310.2227324580785,15.201752471427625,90.65969535704767,6.847955453279504,50.47489001315969,3.305634519275541,3.875619344910066,322.97867931022273,84.33131778709334,0.1975562825275035,0.6203861492457219,42.8519897013804,2.0878345146790735,4.50646465973729,-2.516095195772766,2.7853493910473817,-2.6109186523082473,37.02764468509486,97.28586087407189,0.9887701123057783,0.41348219581187795,9788.880683586583,104.15492223786708,0.9892428687265202,0.09483431671462446,66.35,3.087,62.82,9.360136692065332,8.87,2.57,56.85,56.01
B2474,5.282249749752163,96.31333661935524,0.4496792906078236,14.320742478921211,6.66864631705147,278.55950986358306,7.078992411603712,6.260915307745961,308.4323049210548,7.1128035155100005,296.26959035038504,9.134832898241434,90.5602132274236,6.883968230561198,63.79353244438251,3.4355272538738277,3.2615073459565096,327.3407590840761,74.30608088026679,-1.1851845805323176,-1.8446522921181572,33.567256755153835,2.8868778633396976,6.739901690758648,-2.128169541985812,3.0338117804019524,-1.8552655146766466,37.21749092402969,80.6489523338968,1.7780567740729625,0.5277966144185061,8909.14281395503,93.15689401528775,0.7913139257718138,0.09944271578462928,65.24,2.972,62.03,9.6523074082494,8.25,4.22,55.32,54.7
B2475,5.515800279148591,97.5190677789491,0.3822057427879175,10.487498217978173,6.279480498048343,298.5277843500585,7.092600620641691,6.998050287979312,304.4725020699776,7.05995518103208,305.3269744256038,18.84202565962669,93.09341553962106,6.980141819311595,60.03037034888243,2.6716046885584976,3.4744076561560298,316.11186111027376,73.82422371412544,-2.1864419787505676,1.2337844815512442,36.709191907683596,3.0540443872646597,5.838699383600904,-1.0181176115186856,1.971411798111285,-0.44197884333415655,37.172630147740826,102.31442421748675,1.4241833062280824,1.1947042873627343,9431.50690236307,117.07069537773478,0.9242493579569331,0.1032089918655056,82.52,4.189,76.99,10.655332265813591,8.51,2.38,69.15,68.69
B2476,7.207659474157949,95.06004417805963,0.4039927489515523,10.665249404066113,7.9060818261472585,311.9484166307991,7.114904140525064,8.380590843745075,296.4365035535672,7.050120586207903,296.6035077123359,15.566896360396898,90.86181010474387,6.638173562163658,68.67955163209658,5.22982878901553,3.4126861979462944,320.9404745485507,77.84360431513379,0.15008113034502407,-0.8545969633421264,44.95153475167492,3.09194712926481,6.831495006948586,0.5312232285925814,2.3955330660540146,-0.06917215066170984,36.96765579939175,88.18350851918937,1.4365360190758414,0.5905582479845928,8836.161264669438,116.20361492206267,1.2298271780223498,0.13083593652161987,86.25,4.329,84.21,10.233315348448693,6.57,2.56,75.75,73.7
B2477,6.065934364854451,96.34878732036877,0.3581545706019834,9.325618971775775,6.33615087897995,312.71068486675586,7.042353072570058,6.219120115614807,291.41927192959895,7.182565821497062,327.6809843279047,13.52550040910932,93.573399328328,6.966858288606077,73.14115363119404,6.308914542082771,3.1359219864072547,321.6130127008045,77.63923034649045,0.3239902562721444,-0.03685898070279828,41.14756447317042,3.1295354938280546,6.3460084535709385,0.11379956534029644,1.537322868996148,0.014151327175036185,36.86600098062436,97.20203565592169,1.6229253658869869,0.9221682062273379,9077.826487617718,112.18444648367827,0.8973603106116543,0.1601458839881596,72.86,3.527,69.82,12.469854791062076,9.78,2.75,61.75,61.32
B2478,6.494365946607922,97.37629886672813,0.4593750360756912,10.364291808281111,6.310162513009612,312.3100421146229,7.109074296966856,8.127950094939502,287.59950782318066,6.829421508431392,310.09177410480146,15.496420925999727,92.4920991541733,6.850993829194951,46.754263744541284,5.925328943470306,2.828424720309247,323.22647203728553,74.38997397422683,1.2092645684253776,0.8034270496836546,32.344881060684294,3.8314952359348426,7.79450922805537,0.184366707175664,1.7705967701578316,0.5666143945996235,37.22705494633064,92.5908119356706,1.6743596435982757,0.6626124756668308,9835.680542060905,122.65650304771474,0.7960219580786332,0.15157269038397514,81.88,3.841,79.75,10.200897261263947,7.39,3.47,71.26,70.19
B2479,6.320212811623036,95.31943761261547,0.3293017826131081,13.069726101737293,5.866457655913148,300.4669584828175,6.849536125762075,7.948361916169223,294.0016483618435,6.9224084246856386,301.9475922065381,10.334469484735694,89.7799672684354,6.825546176665054,55.56335301861831,2.8739155113734833,4.7499068310543375,331.5880971137414,76.7801071251476,1.5713358160823676,-1.1576871292857898,44.153159715935274,2.131172357572682,6.1130993147190935,1.950943482686692,2.924014788808626,1.4909946041381645,37.154778236181976,119.10015362083023,1.2520970469513275,0.8159345478535129,9480.037843565315,124.74207771378583,0.8739356415956759,0.13368036546327386,68.84,3.125,63.78,7.284500546962884,8.17,5.12,57.42,56.8
B2480,6.871332003678827,97.0049055226263,0.4469410205450597,11.526889147658986,6.653420693760633,289.8594560643702,6.974567476109723,5.66329145601685,308.7277531302627,6.943163661626307,321.71066000598927,17.074579928556908,91.34194463510781,6.673466171873812,45.59039746685254,5.2248546715562,2.8836343141025442,328.32718522917247,82.91750287060042,1.5699984849989468,1.844441637098356,37.82486878258911,3.14056036493188,5.748188895860533,-1.2690896148598123,2.1667917469962825,-1.3081940489742079,36.67874863634092,119.78712360174708,1.715317682625019,0.6733491595452812,9372.35770377881,123.8769990952548,0.913826566129025,0.0800506571982755,82.72,4.124,79.19,10.434132338115802,8.85,4.69,69.98,67.97
B2481,8.048230047445088,94.54376292965337,0.3885609365496905,12.821655005706203,6.500068160998523,286.99561407170324,6.930639579494126,8.363451779504361,316.01731231295884,7.017306541718807,274.61138426286425,13.157639583709281,88.5527191658307,6.910365840205223,48.779152578013864,5.922106349923556,2.733885602215695,320.6632550435028,74.7760255646728,-0.9980235932938778,-0.7878234672358574,45.64526794350685,4.0319437588945926,7.64409634958577,-0.027433354183723595,1.8455985125309802,0.4420799746664245,36.93736921221834,96.55815804257689,1.534011161407567,0.912308230923929,9200.500150407634,116.20650153637816,0.8773247428964176,0.08016202458019675,62.32,2.999,60.51,11.29221052841787,7.01,4.63,53.17,52.25
B2482,6.59964339759192,95.20128153755684,0.4702748256080392,12.90480463482211,7.001380006852156,304.1352588570043,7.009538068890191,7.977992883520107,310.9205570539389,7.027085264721057,276.80256367188593,13.46941926087407,91.4175981458181,6.560307057876275,49.959339917954644,4.043190019261336,3.503806876415075,307.8631102258844,72.42531006253532,-0.3522650349497693,-0.04793539543719161,39.6486572855852,1.6123108024502437,6.8705939472879045,0.3044355228138156,2.514730182229215,0.13628936280312412,37.03310309240335,96.76773253642625,1.1231835621395887,0.8273548234633399,9411.737570703486,106.78053804510886,0.8952967948985248,0.13599756063641288,80.54,3.856,75.7,11.091825768192052,7.45,2.68,67.63,66.65
B2483,7.208332672604544,95.16017663320368,0.4450521393238756,15.301654138820417,5.582941665090172,304.55136041238194,6.954284062464261,7.142696242321721,296.2203650062652,6.914340691700426,316.1417411730768,12.72169540108974,91.44150121649426,6.927807281348645,46.542761006893805,4.601447430650049,3.376298090706504,321.01506887094064,81.77037448359917,0.48033429588137955,-0.39338665816247187,40.818826744082116,3.1437173446240427,7.097720091481332,-0.7362731165383355,2.138793784284488,-0.18403413897535792,37.15576594342421,91.51868440380582,1.4490376549260782,0.7103420452711533,9620.445266840277,127.98999717368059,0.6834829804594741,0.07963586706201317,69.03,3.838,64.31,14.279287018963776,8.18,3.35,55.89,54.64
B2484,4.244810688865876,93.36915277970411,0.5092387694588081,11.143034622839052,5.65167402164483,315.4479733392608,6.986707372644021,5.932747158761287,326.20332215235936,6.9613357770920254,305.84655827364315,12.490306352861479,90.25388200157565,6.670947299743241,46.58490181681269,2.4921069491953296,2.216645916672771,319.57973322656386,79.96918764775215,2.5319046777421774,-0.49194808798125816,44.715818314366594,2.5316971984215653,5.003119991612104,0.028326745082940964,2.164589171112232,0.19566388977137933,37.18202029898796,109.27207549803343,1.9143837046676777,0.589965576063858,9893.166482584706,120.15016511305836,0.7556054287371073,0.11323298936794186,65.09,3.234,60.92,11.079686161066276,10.86,4.33,53.74,52.7
B2485,6.446409757876871,97.07133945772829,0.44384648146831873,8.30785545788567,5.616717463270416,313.199755804105,7.150573990416324,5.7971115739942025,323.30942810141704,6.972524248932879,308.50624820365067,15.806143590233862,93.72413281527257,6.856414949514097,53.84572497183796,4.766736167976641,3.985874778194617,322.897723697198,75.51792551740536,1.480099203713916,0.3576926545493702,36.41002811658135,2.703431692421516,4.432105827902289,-1.599949334084345,2.7696630128374515,-1.4970947951356277,37.05678120023509,92.05296155599947,2.0029784394737087,0.8535548394985023,8449.941326361279,130.6602902980158,0.8775997144392754,0.1291245133855853,83.1,4.472,77.81,13.321385194798797,8.3,3.25,68.13,67.03
B2486,5.5724467026778415,94.96731485155401,0.3056775846608056,14.668056041429958,6.632641376943191,298.4132561216259,6.98642241628637,6.247272392335769,307.1263304664037,7.27116816828683,286.4304545535403,14.66535781027098,92.7259409828732,6.835699739520649,45.26625265290875,3.4364402705652823,3.134063797254417,353.09787960710605,71.67133193549233,1.1193971619983802,0.19534224951442075,36.02861276866424,2.2761539974284624,5.148416785120948,1.4099062172750279,1.8191333205328266,1.3902964969227858,37.11704950627177,90.94395270425161,1.7152045372826032,0.557456240191482,9167.295530294876,129.4809065936668,0.8752098044966345,0.08587218013911933,83.88,4.061,79.42,11.971526100478707,9.61,3.67,69.98,68.85
B2487,5.159305633534009,96.02748706120092,0.395982809626108,11.171279569756864,7.198699552237386,285.0695294536696,7.033103385375217,7.759632248608744,298.2475093960352,7.212156775297243,304.6747280480949,15.694545167647904,91.9202842580653,6.990344577675265,61.73701567310106,4.699635017911515,2.4223482333489956,312.14340832188145,75.02150657424575,-0.3877879555492906,0.9061823310094093,39.21400631840757,2.864359427439645,5.068767921479117,-0.6816145525304338,1.9473173936590837,-0.45119256411245356,37.01282736047563,107.74311436397957,1.142896953549489,0.8854962084241678,9563.638496875603,102.93885517143461,0.8150716087709999,0.08927212996923409,68.8,3.501,64.65,11.936542911491102,9.21,4.53,56.59,54.95
B2488,5.534032396378374,97.057642649593,0.32967956844431107,14.786481111443443,5.6329276054805595,296.17072083586925,6.981418453606061,5.662124765638043,319.87170257493636,7.012942552408381,333.0491317456188,13.977133807337514,90.50328322663542,6.828561379718333,47.657971700659886,2.9387970778111194,4.032148880047712,326.3343352868804,77.78118225260292,-0.8831996311551246,0.7796258771171044,43.30869119848489,4.4730044915415235,7.1792989029793715,2.031400164778503,2.477039996074434,2.135043268462717,36.86522966236389,89.54041085620021,1.6471820707367664,1.32529698180738,9460.454753615086,102.78933351050875,0.8734479620885345,0.11717636806296544,89.4,4.456,83.7,10.746929566727944,8.37,3.58,74.44,73.02
B2489,6.132464215229106,96.98236858726588,0.3689032094580235,12.958442782956176,5.660181017765527,302.6067743377263,7.006057063036547,7.612517148067818,313.38352457474986,7.017277503872388,316.5387946771421,15.334319508800672,93.21526664047559,6.76670337266252,77.47655176077114,5.042858224477596,3.637972900117308,336.02693100866446,82.66268835953528,0.7889078833832395,0.30283958010549766,34.67649098954604,1.988455711058229,7.463976075441078,-0.03247432391745505,2.8847048953741026,-0.24694139047584418,36.94774712179175,95.54693958661764,1.7552582711577578,1.0700340102524024,9661.35049701069,110.93351137511365,0.9091522283121308,0.1351095086257216,85.41,3.846,81.9,11.91182602262885,7.01,4.27,71.86,70.09
B2490,7.507492796591615,97.46384723974013,0.4906737059966033,11.672156174491638,6.25126177909584,297.57500105532716,7.000481334434886,5.26154225957025,283.93370933052915,6.946571640253054,307.37589163199937,12.9109932657949,93.40914674002913,6.789207676483455,51.388924392284835,5.52451267542669,2.31482060563646,321.4700287114907,73.85367210052138,-1.10066126423436,0.16628336876973754,33.32786160044361,2.064311998016938,5.7673045657014,1.0280535653991831,3.0190801507449248,0.8903279573019535,37.00379823732802,77.02427062186808,1.7177123949956166,0.9436695773788326,9607.016114450622,107.32481510051198,1.0334120184786788,0.1518455631124127,81.11,4.413,74.88,10.852355809653874,9.06,5.91,65.34,64.88
B2491,5.04096801048648,95.78333193407927,0.43825202865386176,12.871939735115738,5.803390799989679,293.0652707030681,7.035865925277853,6.714303981785611,308.7763553922807,6.878268262809726,298.8532452585309,19.797302787664826,92.27034876866541,7.002745932250559,55.57614113533642,3.7168201382848323,4.444027988180407,355.06767678758246,77.66192047395411,-0.23843635098030264,1.0380376017871922,43.29488370817517,1.9584523438691963,8.146378528236529,-0.05330286899115438,2.0674691398191882,-0.06991371048433619,36.99306414999628,104.45028414147801,1.7354862866063754,0.7828785404517705,9378.052854802638,129.06302131171321,0.8851182397160924,0.13821160304311655,80.44,3.988,75.65,12.255036471381855,6.5,3.79,66.46,66.09
B2492,6.5336946418538595,95.06874371350287,0.35806417428527526,16.87753140031575,6.761642922511912,303.0346177796388,7.093224602843774,7.153506856403612,314.7166446173389,7.039480783223232,299.4759800738285,9.923380917280703,92.56278833175541,6.914355636301707,44.63727052427172,3.3630774185895653,3.661158157856335,314.32941062402784,80.70057863957959,-0.11477794900192263,-0.6364520836313984,37.588086749731985,4.381934629302481,8.052704090647694,-0.03074383226052982,2.868688483459824,0.25552699923446354,36.622885419111306,119.29040327018242,1.6089789237742593,0.41224947459929495,9289.258721605129,124.21571611185502,0.959865480794738,0.12220969784976583,60.32,3.203,57.99,11.645625551064468,9.6,5.42,50.52,49.38
B2493,5.967413623333064,95.82461993600592,0.3391769580135761,17.192451322634383,4.198578167504762,293.95250710307266,7.131791519808266,10.423182203082483,293.80549384322046,6.960193321508037,275.19122955119974,17.27843704126376,90.81806471802881,6.80372440221722,68.64873406502112,2.343976957450019,3.192862719062468,324.86133833480073,68.47493063951232,1.592912089122808,0.3500836286642697,38.43109594831887,2.6301282355829705,6.365098374600809,-0.5840293332220078,2.0079288532647954,-0.9064966110163769,36.92050333301411,104.6547044735975,1.4782762983508368,0.5355427208199632,9401.7994041058,133.19020792542372,0.8187599547849118,0.09761415739328852,84.55,4.04,78.68,10.5830581002126,8.2,4.67,69.47,67.69
B2494,6.139559596201843,92.28786424529234,0.4019669255725757,12.173452837831947,5.338635962466484,292.46320699529554,7.024769606552733,5.071758082271486,313.41718107107397,7.042363452150419,308.60696589289626,17.556559371874524,92.11262981685276,6.821626429604258,63.95600544642333,4.233586465924823,4.313153163935246,308.01791382660525,82.1351446717556,-0.35469730295967755,1.5336455823471384,32.572758392239336,2.9794887517218607,4.76716234268544,0.11912392936627762,3.3131046734533998,0.5080461592564783,37.01124113061783,113.54159001056766,1.3174897512287944,1.0565585712205428,9959.496939929097,124.75784180893102,0.9858143585397723,0.08787279012466442,78.01,3.859,72.8,13.487841509550893,5.35,2.24,64.18,62.6
B2495,7.603033607835065,92.8163525606692,0.32700639103713236,12.400476483292689,5.374066932830843,303.73743401164126,7.047163750882848,9.060820393086187,283.8131952653598,6.9059814735860865,316.83676351874595,11.784387104489456,89.42522356659269,6.661938749129746,57.3753269658889,3.918406065718395,3.3115084486807485,314.7271289728506,73.27019771117425,-2.4392496385726155,0.7119408574309001,37.28408274259207,2.677773647115008,8.36306497415331,0.31799869441404743,1.8331144872901357,0.4568303991201069,36.94372600161886,85.84677436587202,0.9306193444495511,0.6420487839750441,9207.196826837715,122.50379498248043,0.9563595446418536,0.10467368735012557,68.4,3.203,63.75,12.640260720032138,7.66,2.68,56.34,55.32
B2496,7.091926980704319,93.09006085282032,0.35973158335620514,14.690600393665964,4.1437151900910845,295.17608903844956,6.907930839265155,7.2097793795821925,334.0513498002191,6.981422298752077,282.9413294196114,19.79611138744553,91.27929082578109,6.896616904102185,44.22557960976347,2.9489805876519455,3.1803418474271776,323.7340086559499,79.32798197382773,0.5044446476624683,1.3855391322942077,39.969730813475394,2.2444616972775266,5.9084739734573875,-0.7842585089151799,3.0642394053958655,-1.1933897620310814,36.95063524089768,98.83589138433841,1.6018925300140052,0.6601495803671907,9474.877310742419,134.39675736413005,1.029872550476973,0.132298067549417,77.01,4.159,70.85,11.327905898786629,8.65,3.0,63.04,62.52
B2497,7.971137918187019,93.80605697927675,0.41872056829307464,9.885847418081632,5.229089244504957,302.92925266774023,6.992969860606751,7.575640685222348,332.46309973106975,7.063376438577254,295.74016350770455,16.588274735657826,89.22311681677138,6.638822115076544,56.68533502179696,4.953018756312171,2.7377899187846078,332.69456093461594,78.98673259844297,-0.6990218531039264,-0.6868442317568118,43.72151143049157,2.8118794827084517,6.189247794646462,-0.1250444158598842,2.071756946590638,0.3770173767112986,37.097598274160916,84.68208090756733,1.5558158530956565,0.7668699048631957,9573.336885599369,125.63672807682059,1.0070190693666732,0.13009871119882027,76.15,3.885,72.22,12.218239570552965,7.76,2.97,63.87,62.75
B2498,6.33004375282511,96.87950329879156,0.4693187221664018,12.832675931545637,5.267875107323259,303.27844827422547,7.075223157190687,7.1656870787434865,305.45468798254666,7.082958863800554,288.7954951487321,16.52496141773957,91.61306978754338,6.940215575900254,46.02855163186196,4.050029618135351,3.607295307514955,324.7864225103536,82.33834556585538,0.042631024437746814,0.28345420539474847,36.91507933506144,4.966594884589248,5.490592461590147,-0.6100988660571137,3.4066232273973,0.3750531961705459,36.78420856259027,93.26681345302389,1.667272752847445,0.5875907482306891,10124.140371949783,120.81721156125262,0.988310343432172,0.05700294042824633,87.65,4.474,80.84,11.874266217747055,8.72,3.89,71.16,69.12
B2499,5.734463127162226,94.00794607820787,0.4365256883334664,11.935342880115359,5.839116276384936,286.3268519869011,7.069277491073373,7.622617545473326,316.5421780811033,7.087572476286781,291.4850832726773,14.072857686267279,92.53409341605595,6.865434591098952,66.69884210778689,3.4242640413547676,3.533622077126786,338.886722740021,80.20369752357416,-0.08670470084212364,0.7168801529315283,46.62950448092999,4.113656736779404,4.665314510554204,2.2996640696148387,2.6956603644262422,2.355448046992376,36.67439155720976,105.26653772823006,1.0987368920121319,0.5546462530896727,9379.876696705474,137.76543640716824,0.885237388701333,0.0964296891519749,82.55,4.467,77.3,10.698613594105089,7.15,4.74,68.15,66.18
B2500,6.25375530143145,95.16804238111334,0.26252262948411403,12.784770528643884,6.890372713328211,294.22510651361506,7.016928778623604,6.784840853893175,266.6214046156023,6.931155991425866,305.7487427755066,13.43521198863144,91.37316445937195,7.136434215948871,61.47355785482538,3.945427594359553,3.210276097922798,318.57552034110995,68.49083803308008,-0.2737039958177683,0.14459444421074188,37.2617759032808,2.317649745766182,3.7970408545270624,-0.08973076991161853,1.891991735295889,0.494522752465712,36.93036604183266,97.22184735723958,1.693505006794518,0.7899051854437157,9883.522662404384,121.38217059783348,0.9367408840566702,0.15613522654818468,47.52,2.665,46.56,12.105744343531745,6.69,5.51,40.4,39.41
B2501,6.766746470398344,98.85830225512935,0.4182620037418156,9.916577985126485,5.803951479047438,317.2533232789975,7.070911516765436,9.035670254040442,289.185742115224,7.1269217157122,275.8183698301614,13.45553704969702,94.4345594434682,6.7179837335530825,55.76351230790189,5.571304538929615,2.647009552292678,315.0174720524149,74.86088301137603,0.7903405817847039,-0.03264385319540994,37.2676327936593,3.5180592824493484,6.949302485335932,1.5452321516965593,2.1388807602287465,1.3475958815831106,37.152822881100356,79.04830772878535,2.116363528386233,0.6216941090655927,9992.791761306009,116.34791274098494,1.059526339267729,0.12237645143412418,93.13,4.848,90.81,11.068482367788938,7.93,4.37,80.09,79.37
B2502,6.694230694299082,95.21621926366487,0.4043220143939547,8.026081266727576,5.175349023783077,286.0550458471886,7.039261336719505,6.360940398085389,304.7119794372617,6.977980947305833,313.5997861369989,15.015379550430744,91.89661523264787,6.837680549075124,35.508994694021425,5.102936943755222,3.290950897916252,360.5597766091908,78.55282051741312,-1.5328648783527072,0.8268570851873447,46.14943020759121,2.3347817818668988,4.824898419155069,-0.19562233080768832,2.7905906026118705,-0.8308809490819391,37.33751060789733,80.21965073354696,1.5235350392333733,0.6517962840442211,9474.49829400374,109.94612089466821,0.8021888145895809,0.07748973260691042,80.69,3.679,75.28,10.58259924656985,8.03,3.47,67.08,66.11
B2503,5.307173120543297,97.6225342506276,0.4248334171223616,6.817541410021771,5.954436367029177,274.6001466123536,7.096024500660746,8.585128401050946,290.7016056143165,7.106957212314658,315.55397097907155,17.64308431508813,92.83313607615662,7.065794524110768,47.13267217072776,4.36997393850151,3.1511408499665037,325.91356474163047,77.22008045552086,-0.5170142249543602,1.1923121675973944,40.84584060945567,1.5789058889230232,10.589296843495235,0.25928764153490796,2.9263222088077807,-0.5172536851623382,37.15642564781895,79.42603282211071,1.4815004042380377,0.6437617947705988,9415.712408369294,128.43630550854493,0.8057388331954702,0.19067463544794455,77.36,3.694,72.61,9.565849004600214,7.65,1.5,66.15,65.1
B2504,6.599538759790661,93.94604110397827,0.4969725808990725,9.206539717525981,6.8393388971530795,277.65785816108985,7.023148732556569,6.097886031701768,322.85913668735185,7.049042519104362,301.4845637674832,14.47141696643969,92.34868603016061,6.992966756834969,60.50208905279898,5.119105018464852,2.2665679768860594,309.2077768103218,79.91044291902708,0.6840379131173813,0.8115273219000089,37.7919010839537,3.8156087341317035,4.370889626081281,-1.3213640716452693,2.364642204137769,-1.0211266433513753,36.70634724802623,101.89743107927508,1.5927007068257102,0.9044720427668937,9368.378531180713,134.84460650210963,0.9272147096925543,0.11913174803055705,64.17,2.957,60.82,11.462088969692054,9.23,4.08,53.61,52.43
B2505,6.751051163152796,95.54803737269121,0.27620570339171546,10.853311787651668,5.219232947108076,300.34931935892,6.971544134754318,6.915647415038198,345.9513375534639,6.926125125082985,270.2700808602164,11.630246579843046,91.59929035941485,6.766454553810411,64.70306953378525,3.339088043613261,2.16973135407307,309.586043566279,81.15746622267882,-0.6140847753443682,-0.10267716155904716,39.37946747527763,3.9280742773148405,4.113926287527945,-0.44707259186786463,2.4223291404817333,-0.616803226179677,36.95352655212464,120.76673442788001,2.1097011074131014,0.7535748619009286,9397.670746302967,119.39295118279884,0.962291953539818,0.13153001877940224,54.2,2.892,52.61,12.850455989375584,7.15,4.03,45.94,45.63
B2506,9.269221441287312,93.90995147919672,0.3645337944885337,11.267021033378095,5.271540092862841,300.3710073363924,7.026867300554642,5.499252426793693,288.82093505027257,7.021542206587693,291.0501392359665,16.14351036220095,89.1849237913968,6.876876091404814,63.873358491937054,4.5323701007270305,3.5956073651668388,305.8598012820299,80.43380694571871,-1.6088067092699718,1.4266082789969137,45.412294310168235,3.8368418008383194,6.765208073420162,0.21053467078924676,2.7791765163220328,-0.18687604116008083,37.05132687621631,112.34949892800256,1.1929056714900328,0.7642856064212293,9841.695944230732,135.69498748535807,0.7763840251103994,0.13198574268135402,75.68,3.827,73.27,10.95801096993171,8.31,4.22,64.75,63.34
B2507,8.564529072409837,95.25412723301876,0.4354543793676013,16.84307790607379,6.446839167419379,298.58866973489853,6.765552449931778,7.637033208486528,294.9256587264665,7.082882736785739,322.26062707743773,16.39499194062646,90.87655961391208,6.85023992276981,42.263895982068355,4.64732233048647,1.378678179463818,334.0485403378518,77.14290022978214,0.6685553432567358,0.7939427775030509,45.86481127850273,2.624107800624342,8.293970218450943,1.5860038309598667,2.46589921350541,1.3230045827284167,37.03551822338472,73.24817761024723,1.5609620800181714,0.9193891794617767,9592.403990902205,96.35981961634108,0.8887856154880037,0.10897213601519441,99.27,4.616,92.08,15.781063038236955,8.07,6.53,77.14,76.44
B2508,5.561432314385298,97.84867790240627,0.3051043360327635,14.764983424768246,5.82277110741536,314.570277947142,7.030630858910804,9.023176339697148,314.2380706295788,7.105166884242713,270.0,15.702114773964244,93.60943225204636,6.883834704087299,57.41241845450323,4.030163491501273,3.3437873688728823,314.53434060660135,70.61465195551808,1.123094630441539,0.9425215499299315,36.732827282918976,2.866579412798411,6.096884485414832,0.22198277767627117,1.753247570330812,0.4349194761693458,37.10786091058858,113.0529112568374,1.2601027733107069,0.771592078353412,9594.115883667948,119.33455950230503,0.8859001838656823,0.09817278954535817,84.96,4.201,78.79,13.328528480479099,6.44,5.49,67.78,67.26
B2509,6.1838783022959065,92.19989506897683,0.48855694288321055,9.594772209145932,6.51798775256758,270.0,6.708126973982817,6.8917013482508045,339.00009067299317,7.037311089230002,300.13467222929074,15.938297156964955,90.4526470039016,6.76615834768182,63.12412173186344,4.935458335957418,2.865341859572323,321.91043713484726,76.17807500458073,-0.04499520764300634,0.27620773725119663,39.830264759683566,3.5998124429264986,6.858363630280912,1.3837203611929991,1.9935129876799096,0.5950592883091903,36.81659021070785,107.23680500417576,1.3358985837465016,0.7443492463085655,9049.910595848067,119.51886105474676,0.5677079826594794,0.1836502495519782,65.0,2.876,61.42,13.956495198990718,6.68,4.94,52.83,51.88
B2510,4.890213797979296,96.95573201580089,0.4221013967620395,12.869271131127393,5.989082566563763,304.7512064931699,6.862122927407566,6.724360021814527,287.9972623742817,7.1878601001540945,288.4799891014584,13.2955868615897,91.01677525056722,6.839281551675912,41.73331547534204,3.7195665453555486,4.115772624815937,319.047369883426,79.66547259255582,-1.9608455984695325,-0.5842595929475054,40.360627310670296,3.3131968298784855,3.2346788738119354,0.6407291102029202,2.5175599715758326,0.3650686955603283,37.012988617510146,77.45640065365491,1.4851229076354182,0.8940900711140343,9113.003969049907,111.27606753111183,0.8670609016111861,0.1500961760885325,83.37,4.155,81.06,13.192864518110637,8.01,2.85,71.26,70.72
B2511,5.850222284640164,96.523018325131,0.45079503915060426,10.982304409124188,6.561330918471653,318.7372584216429,7.036141488075279,5.439536251704903,314.48265020152496,7.1406759693887905,316.26398422218773,11.584628165460494,91.62959752795769,6.658233714966794,54.93676387701411,5.009820707776118,2.8545722535922873,330.97238611911405,73.6382109897981,0.7059697466988162,0.35792431617562925,36.05503955793361,2.6850900229623647,4.9837326814623495,1.6274013394646858,3.007741208248847,1.9872394117931091,37.084064565955224,92.36158059947402,1.9041969724840677,0.9336395687115262,10357.378729910792,148.60633245578248,0.8764023250727301,0.1446581160332603,82.32,3.702,80.09,14.77929746240786,9.98,3.38,69.33,67.73
B2512,6.847165503949374,94.69287009746705,0.36574338030869236,11.289090404899762,5.1719375087674875,286.4666308212994,7.038202346981343,6.678990285026769,342.78337931463597,7.026901129524022,295.54840466999156,11.742697080333972,90.79989194855816,6.866214814224169,57.19073918646765,5.0518587715312915,3.6616389499763273,307.2988386067397,80.5250989204863,-1.659887881419688,-0.49550919495965484,39.77725978940002,1.7047425439054682,4.389576406293649,-0.059042217305055426,3.2079912120810237,-0.48030123679784703,37.16513419066073,109.14626893794971,2.040297180206621,0.7705853000982792,9428.869709884524,119.20568840773487,0.8759560585765471,0.13728867575154632,59.0,3.082,54.66,10.819497024791186,8.58,3.89,48.47,47.82
B2513,7.8264389829770575,92.8186727203454,0.44882582139797267,12.463314123538455,5.990332279369386,295.44232185852127,6.907005697588805,4.770088036389861,280.2683353327732,7.117510963092325,310.6553562902986,9.747795554009569,90.02041438715148,6.904002480810619,52.59388332122612,1.5828401193029338,2.922160311133546,303.86641570785474,81.63357318906922,0.3087992768481657,-0.6585341002195275,40.0212914418068,3.09110015531361,3.157431225078178,2.390222710651804,2.7897647103857253,2.3795937789200163,36.83885636667744,102.60520213121742,1.634442643388012,0.8161215551241043,9190.091201768655,115.1072307407468,1.1123871411865902,0.08990047828914946,66.32,3.41,63.3,8.158893921512067,6.27,3.07,57.54,55.94
B2514,5.69800777848203,96.15868491697051,0.46410829335934234,13.547927792438482,5.831447988509474,290.9652969932566,6.943031836649685,5.7219708185936415,286.940754276775,7.224041413666937,312.9164458683673,14.61606639001947,90.78446229102391,6.822709670482734,40.18270515679039,5.690305703510118,3.2796237074403005,323.3644596077239,78.50746790518338,-0.8874638247421598,0.1925678579079828,44.560837915746944,3.8632077113888905,6.17547035103583,-0.485396202914123,2.543645380518182,-0.6064790770966021,36.93096862655142,80.29085937134417,1.3870215830929544,0.6436419540533345,10072.43966623572,120.31154536120206,0.7176302552236687,0.1583259057522082,78.36,4.395,72.82,11.330811587470675,4.89,4.6,63.99,62.83
B2515,5.780438915925424,94.83511604005963,0.4139726812082301,11.151853790289962,5.027287260716696,289.26784744706964,7.109643279089131,7.31750046455279,302.3750810837049,7.226443614070472,330.7071617562203,13.783033163610856,90.82881504921315,6.656193893129825,52.39441511941017,1.452367434647246,3.715785571644036,329.01438927049844,65.74488053475042,-1.1598392857669653,-0.44915362948075516,44.829700113244805,2.0419293687726743,2.63575856758435,-0.766461834197669,2.7744069429912384,-0.43317505512803756,36.459236463985334,103.32890586955433,2.2478216599915557,0.6278633913670949,9612.723419473421,95.96623513769005,0.7763066143193081,0.09470602025964751,72.17,3.821,69.37,12.837327863321306,8.73,4.43,60.39,58.91
B2516,4.13798206728748,96.51188766498035,0.4140640535619218,14.659628831835896,4.749217641705049,296.0848559397235,6.961277589474186,8.846618476837955,300.6294085686026,6.939480010725975,302.1588127885448,12.856031968222757,91.61941603092804,6.968623823542175,52.38155655795981,3.8839509744438745,2.876210998572794,324.9879846964646,72.88764654915279,-0.4419100170796902,-0.33053914315667876,38.683162406563966,3.511007505340782,4.016706050868827,-1.2100528496890341,2.066624574896572,-0.5896139193545322,36.87570760648445,70.34999284703295,1.371733655601144,0.9538295003933616,9731.26196674581,110.88158489586102,0.5081706302520999,0.12849860394451937,70.65,3.427,68.88,12.227275457621968,7.9,2.69,61.04,59.31
B2517,6.321067487400602,96.04807472015158,0.41622059435690356,9.14515443464399,6.54859922821973,317.12982340421405,7.179433624992239,10.932895205721303,324.6268231795656,6.966612019995856,310.2646211747166,7.0,92.87314381561715,6.893743004559136,53.815420763617965,5.525348034257755,3.897588419148883,307.8581940635401,85.54475663422433,-0.18329755642725984,-0.9909265432749169,39.144187424556755,3.265233356106954,5.194209308979873,2.3310246715580702,2.323384519870893,2.277883677618368,36.89511702140579,93.32613389091347,1.3286592256920788,0.8889884125089244,9444.781169887387,131.79887963334485,0.827862500073879,0.07081830283606294,70.15,3.712,66.45,12.413208916451676,9.14,5.44,57.56,55.84
B2518,5.33134414695448,99.5,0.3481992841156371,12.015847655905672,5.719238094225617,322.04864010585027,6.999846411745892,6.178780880900739,314.34987495677507,7.183642690806046,284.2092232922159,10.75697457879516,94.74468129045049,6.762878188275883,50.492228596599446,4.1827132747475595,2.504411486025462,330.1622726313709,75.81384882788649,-0.6442082503864482,-0.547168195972211,42.65716920822254,3.600118610585867,4.753071246073386,0.8194475726178976,1.9879346393302617,1.0601942776107636,36.79608309836651,109.65548123280058,0.9675170866263819,0.8910596876833152,9372.530763769279,112.4526557408067,0.8406534668810999,0.05877423448057441,76.12,3.457,70.41,13.98136500400481,7.12,4.12,60.94,59.61
B2519,5.917616629897319,95.47341761955934,0.3911482791855789,18.49418431648958,5.182175774682136,295.9687292995182,7.032642894150501,9.009420219303616,278.0506829264417,6.954754705424612,321.6657898861124,16.914185693648236,91.65049451524004,6.816327946379432,51.455902774068264,3.033814017530458,3.4062149897908656,308.8420860935655,70.06342710748402,0.5887032782151507,-0.3138644582013813,37.659246204291954,3.6975803997752057,6.594612753310601,-0.33412073338030845,1.7756286946461441,-0.7446400367364446,37.03312243004653,96.22073058685584,1.918827470773423,0.8561708697451045,9432.165451001083,110.05349804639674,0.8235034235498616,0.12954873607959344,84.66,3.992,80.83,12.573086361693749,8.35,1.93,71.89,70.79
